txn_id,fecha,item,cantidad,precio_unit,importe,issue,metodo_pago,source_id,descripcion,status,correction_ref,notas
txn-issue-357,2026-04-27,PALETA-AGUA-GUAYABA,1,25.0,25.0,357,efectivo,357,PALETA AGUA Guayaba,activa,,
txn-issue-357,2026-04-27,PALETA-AGUA-UVA,1,25.0,25.0,357,efectivo,357,PALETA AGUA Uva,activa,,
txn-issue-357,2026-04-27,PALETA-CREMA-PAY-DE-LIMON,1,35.0,35.0,357,efectivo,357,PALETA CREMA Pay de Limon,activa,,
txn-issue-358,2026-04-27,PALETA-AGUA-GUAYABA,1,25.0,25.0,358,efectivo,358,PALETA AGUA Guayaba,activa,,
txn-issue-358,2026-04-27,PALETA-AGUA-PREMIUM-MANGO-CHAMOY,1,30.0,30.0,358,efectivo,358,PALETA AGUA PREMIUM Mango-Chamoy,activa,,
txn-issue-358,2026-04-27,PALETA-AGUA-PREMIUM-PICAPANDA,1,30.0,30.0,358,efectivo,358,PALETA AGUA PREMIUM Picapanda,activa,,
txn-issue-359,2026-04-27,HELADO-NIEVE-SENCILLO,1,25.0,25.0,359,efectivo,359,Helado Nieve Sencillo,activa,,
txn-issue-360,2026-04-27,PALETA-MINI-MINI-AGUA,11,6.0,66.0,360,efectivo,360,PALETA MINI Mini Agua,activa,,
txn-issue-362,2026-04-27,PALETA-CREMA-CHICLE,1,35.0,35.0,362,efectivo,362,PALETA CREMA Chicle,activa,,
